Complexity,Loss,Equation
1,8.351338,"2.5616443"
3,2.1450498,"x0 * x0"
5,0.6727996,"x0 * (x0 - -0.76094776)"
6,0.5930385,"(x0 * x0) + sin(x0)"
8,0.08287755,"(x0 * x0) - (sin(x0) * -1.9895883)"
10,0.08156429,"((x0 * x0) - 0.03626555) - (sin(x0) * -1.9915221)"
12,0.08153067,"(x0 * (x0 + 0.006752818)) - ((sin(x0) * -1.978946) + 0.036047183)"
13,0.08125193,"sin(x0) + (sin(x0 + -0.02796142) + ((x0 * x0) + -0.03183484))"
14,0.081160784,"((x0 * ((x0 * 0.007968345) + x0)) + -0.056543026) - (sin(x0) * -1.9924742)"
16,0.08070308,"sin((sin(x0 * x0) * -0.11391862) + x0) + (sin(x0) + (x0 * x0))"
17,0.08051257,"sin(x0) + ((x0 * (x0 + (sin(x0 + sin(x0)) * -0.07980118))) + sin(x0))"
19,0.08041102,"(sin(x0 - 0.01563594) + sin(x0)) + (((sin(x0 + sin(x0)) * -0.07360808) + x0) * x0)"
20,0.080361865,"sin(x0 + (sin((x0 + 0.25658035) * (x0 + x0)) * -0.050140496)) + (sin(x0) + (x0 * x0))"
21,0.0792093,"((x0 * x0) + (sin(x0 * (x0 + sin(x0 * x0))) * -0.07980118)) + (sin(x0) + sin(x0))"
22,0.078539364,"((sin(x0) + sin(x0)) + (x0 * x0)) + (sin((x0 + sin(sin(x0 * x0))) * x0) * -0.1415517)"
24,0.078180954,"(sin(x0) + sin(x0)) + ((x0 * x0) + (sin((x0 + sin(sin(-0.48472458 + (x0 * x0)))) * x0) * -0.14028524))"
25,0.077643916,"((sin(x0) + sin(x0)) + (x0 * (x0 + -0.018162813))) + (sin((x0 + sin((x0 * x0) + -0.46596467)) * x0) * -0.14028524)"
26,0.07734237,"((sin(x0) + sin(x0)) + (x0 * (x0 + -0.018162813))) + (sin((x0 + sin(sin(-0.48472458 + (x0 * x0)))) * x0) * -0.14028524)"
27,0.0771205,"((x0 + -0.018790301) * x0) + ((sin(x0) + sin(x0)) + (sin(sin((x0 + sin(sin(-0.49075732 + (x0 * x0)))) * x0)) * -0.1415517))"
